{"cameraMode":{"drawMode":2,"name":"Shaded Wireframe","section":"Shading Mode"},"sceneLighting":true,"audioPlay":false,"sceneViewState":{"showFog":true,"showMaterialUpdate":false,"showSkybox":true,"showFlares":true,"showImageEffects":true,"showParticleSystems":true},"in2DMode":false,"pivot":{"x":343.4807434082031,"y":36.348533630371097,"z":101.076171875},"rotation":{"x":-0.05425448715686798,"y":-0.032349202781915668,"z":0.0017586699686944485,"w":-0.9980013966560364},"size":947.9967041015625,"orthographic":false}